FREQ,Frequenza,REF_AREA,Territorio,DATA_TYPE,Indicatore,SEX,Sesso,AGE,Età,MARITAL_STATUS,Stato civile,Tempo (TIME_PERIOD),Osservazione,OBS_STATUS,'Stato dell"'osservazione'
A,Annuale,IT,Italia,JAN,Popolazione al 1º gennaio,1,Maschi,Y0,0 anni,99,Totale,2023,203968,e,Dato stimato
A,Annuale,IT,Italia,JAN,Popolazione al 1º gennaio,1,Maschi,Y1,1 anni,99,Totale,2023,206457,e,Dato stimato
A,Annuale,IT,Italia,JAN,Popolazione al 1º gennaio,1,Maschi,Y2,2 anni,99,Totale,2023,211046,e,Dato stimato
A,Annuale,IT,Italia,JAN,Popolazione al 1º gennaio,1,Maschi,Y3,3 anni,99,Totale,2023,219154,e,Dato stimato
A,Annuale,IT,Italia,JAN,Popolazione al 1º gennaio,1,Maschi,Y4,4 anni,99,Totale,2023,229863,e,Dato stimato
A,Annuale,IT,Italia,JAN,Popolazione al 1º gennaio,1,Maschi,Y5,5 anni,99,Totale,2023,240259,e,Dato stimato
A,Annuale,IT,Italia,JAN,Popolazione al 1º gennaio,1,Maschi,Y6,6 anni,99,Totale,2023,246571,e,Dato stimato
A,Annuale,IT,Italia,JAN,Popolazione al 1º gennaio,1,Maschi,Y7,7 anni,99,Totale,2023,253188,e,Dato stimato
A,Annuale,IT,Italia,JAN,Popolazione al 1º gennaio,1,Maschi,Y8,8 anni,99,Totale,2023,260787,e,Dato stimato
A,Annuale,IT,Italia,JAN,Popolazione al 1º gennaio,1,Maschi,Y9,9 anni,99,Totale,2023,264658,e,Dato stimato
A,Annuale,IT,Italia,JAN,Popolazione al 1º gennaio,1,Maschi,Y10,10 anni,99,Totale,2023,276098,e,Dato stimato
A,Annuale,IT,Italia,JAN,Popolazione al 1º gennaio,1,Maschi,Y11,11 anni,99,Totale,2023,281024,e,Dato stimato
A,Annuale,IT,Italia,JAN,Popolazione al 1º gennaio,1,Maschi,Y12,12 anni,99,Totale,2023,289472,e,Dato stimato
A,Annuale,IT,Italia,JAN,Popolazione al 1º gennaio,1,Maschi,Y13,13 anni,99,Totale,2023,293739,e,Dato stimato
A,Annuale,IT,Italia,JAN,Popolazione al 1º gennaio,1,Maschi,Y14,14 anni,99,Totale,2023,297046,e,Dato stimato
A,Annuale,IT,Italia,JAN,Popolazione al 1º gennaio,1,Maschi,Y15,15 anni,99,Totale,2023,297391,e,Dato stimato
A,Annuale,IT,Italia,JAN,Popolazione al 1º gennaio,1,Maschi,Y16,16 anni,99,Totale,2023,298599,e,Dato stimato
A,Annuale,IT,Italia,JAN,Popolazione al 1º gennaio,1,Maschi,Y17,17 anni,99,Totale,2023,297619,e,Dato stimato
A,Annuale,IT,Italia,JAN,Popolazione al 1º gennaio,1,Maschi,Y18,18 anni,99,Totale,2023,301360,e,Dato stimato
A,Annuale,IT,Italia,JAN,Popolazione al 1º gennaio,1,Maschi,Y19,19 anni,99,Totale,2023,297279,e,Dato stimato
A,Annuale,IT,Italia,JAN,Popolazione al 1º gennaio,1,Maschi,Y20,20 anni,99,Totale,2023,296590,e,Dato stimato
A,Annuale,IT,Italia,JAN,Popolazione al 1º gennaio,1,Maschi,Y21,21 anni,99,Totale,2023,301836,e,Dato stimato
A,Annuale,IT,Italia,JAN,Popolazione al 1º gennaio,1,Maschi,Y22,22 anni,99,Totale,2023,310282,e,Dato stimato
A,Annuale,IT,Italia,JAN,Popolazione al 1º gennaio,1,Maschi,Y23,23 anni,99,Totale,2023,309038,e,Dato stimato
A,Annuale,IT,Italia,JAN,Popolazione al 1º gennaio,1,Maschi,Y24,24 anni,99,Totale,2023,313299,e,Dato stimato
A,Annuale,IT,Italia,JAN,Popolazione al 1º gennaio,1,Maschi,Y25,25 anni,99,Totale,2023,310157,e,Dato stimato
A,Annuale,IT,Italia,JAN,Popolazione al 1º gennaio,1,Maschi,Y26,26 anni,99,Totale,2023,310103,e,Dato stimato
A,Annuale,IT,Italia,JAN,Popolazione al 1º gennaio,1,Maschi,Y27,27 anni,99,Totale,2023,307623,e,Dato stimato
A,Annuale,IT,Italia,JAN,Popolazione al 1º gennaio,1,Maschi,Y28,28 anni,99,Totale,2023,308862,e,Dato stimato
A,Annuale,IT,Italia,JAN,Popolazione al 1º gennaio,1,Maschi,Y29,29 anni,99,Totale,2023,312660,e,Dato stimato
A,Annuale,IT,Italia,JAN,Popolazione al 1º gennaio,1,Maschi,Y30,30 anni,99,Totale,2023,325236,e,Dato stimato
A,Annuale,IT,Italia,JAN,Popolazione al 1º gennaio,1,Maschi,Y31,31 anni,99,Totale,2023,323031,e,Dato stimato
A,Annuale,IT,Italia,JAN,Popolazione al 1º gennaio,1,Maschi,Y32,32 anni,99,Totale,2023,329611,e,Dato stimato
A,Annuale,IT,Italia,JAN,Popolazione al 1º gennaio,1,Maschi,Y33,33 anni,99,Totale,2023,326191,e,Dato stimato
A,Annuale,IT,Italia,JAN,Popolazione al 1º gennaio,1,Maschi,Y34,34 anni,99,Totale,2023,334613,e,Dato stimato
A,Annuale,IT,Italia,JAN,Popolazione al 1º gennaio,1,Maschi,Y35,35 anni,99,Totale,2023,327153,e,Dato stimato
A,Annuale,IT,Italia,JAN,Popolazione al 1º gennaio,1,Maschi,Y36,36 anni,99,Totale,2023,328128,e,Dato stimato
A,Annuale,IT,Italia,JAN,Popolazione al 1º gennaio,1,Maschi,Y37,37 anni,99,Totale,2023,337305,e,Dato stimato
A,Annuale,IT,Italia,JAN,Popolazione al 1º gennaio,1,Maschi,Y38,38 anni,99,Totale,2023,343828,e,Dato stimato
A,Annuale,IT,Italia,JAN,Popolazione al 1º gennaio,1,Maschi,Y39,39 anni,99,Totale,2023,349785,e,Dato stimato
A,Annuale,IT,Italia,JAN,Popolazione al 1º gennaio,1,Maschi,Y40,40 anni,99,Totale,2023,361013,e,Dato stimato
A,Annuale,IT,Italia,JAN,Popolazione al 1º gennaio,1,Maschi,Y41,41 anni,99,Totale,2023,362289,e,Dato stimato
A,Annuale,IT,Italia,JAN,Popolazione al 1º gennaio,1,Maschi,Y42,42 anni,99,Totale,2023,372574,e,Dato stimato
A,Annuale,IT,Italia,JAN,Popolazione al 1º gennaio,1,Maschi,Y43,43 anni,99,Totale,2023,382249,e,Dato stimato
A,Annuale,IT,Italia,JAN,Popolazione al 1º gennaio,1,Maschi,Y44,44 anni,99,Totale,2023,402539,e,Dato stimato
A,Annuale,IT,Italia,JAN,Popolazione al 1º gennaio,1,Maschi,Y45,45 anni,99,Totale,2023,414240,e,Dato stimato
A,Annuale,IT,Italia,JAN,Popolazione al 1º gennaio,1,Maschi,Y46,46 anni,99,Totale,2023,431937,e,Dato stimato
A,Annuale,IT,Italia,JAN,Popolazione al 1º gennaio,1,Maschi,Y47,47 anni,99,Totale,2023,451742,e,Dato stimato
A,Annuale,IT,Italia,JAN,Popolazione al 1º gennaio,1,Maschi,Y48,48 anni,99,Totale,2023,469420,e,Dato stimato
A,Annuale,IT,Italia,JAN,Popolazione al 1º gennaio,1,Maschi,Y49,49 anni,99,Totale,2023,465152,e,Dato stimato
A,Annuale,IT,Italia,JAN,Popolazione al 1º gennaio,1,Maschi,Y50,50 anni,99,Totale,2023,470049,e,Dato stimato
A,Annuale,IT,Italia,JAN,Popolazione al 1º gennaio,1,Maschi,Y51,51 anni,99,Totale,2023,472221,e,Dato stimato
A,Annuale,IT,Italia,JAN,Popolazione al 1º gennaio,1,Maschi,Y52,52 anni,99,Totale,2023,467571,e,Dato stimato
A,Annuale,IT,Italia,JAN,Popolazione al 1º gennaio,1,Maschi,Y53,53 anni,99,Totale,2023,478695,e,Dato stimato
A,Annuale,IT,Italia,JAN,Popolazione al 1º gennaio,1,Maschi,Y54,54 anni,99,Totale,2023,473639,e,Dato stimato
A,Annuale,IT,Italia,JAN,Popolazione al 1º gennaio,1,Maschi,Y55,55 anni,99,Totale,2023,473758,e,Dato stimato
A,Annuale,IT,Italia,JAN,Popolazione al 1º gennaio,1,Maschi,Y56,56 anni,99,Totale,2023,478635,e,Dato stimato
A,Annuale,IT,Italia,JAN,Popolazione al 1º gennaio,1,Maschi,Y57,57 anni,99,Totale,2023,476139,e,Dato stimato
A,Annuale,IT,Italia,JAN,Popolazione al 1º gennaio,1,Maschi,Y58,58 anni,99,Totale,2023,480494,e,Dato stimato
A,Annuale,IT,Italia,JAN,Popolazione al 1º gennaio,1,Maschi,Y59,59 anni,99,Totale,2023,446897,e,Dato stimato
A,Annuale,IT,Italia,JAN,Popolazione al 1º gennaio,1,Maschi,Y60,60 anni,99,Totale,2023,428978,e,Dato stimato
A,Annuale,IT,Italia,JAN,Popolazione al 1º gennaio,1,Maschi,Y61,61 anni,99,Totale,2023,417506,e,Dato stimato
A,Annuale,IT,Italia,JAN,Popolazione al 1º gennaio,1,Maschi,Y62,62 anni,99,Totale,2023,402654,e,Dato stimato
A,Annuale,IT,Italia,JAN,Popolazione al 1º gennaio,1,Maschi,Y63,63 anni,99,Totale,2023,390399,e,Dato stimato
A,Annuale,IT,Italia,JAN,Popolazione al 1º gennaio,1,Maschi,Y64,64 anni,99,Totale,2023,369644,e,Dato stimato
A,Annuale,IT,Italia,JAN,Popolazione al 1º gennaio,1,Maschi,Y65,65 anni,99,Totale,2023,363179,e,Dato stimato
A,Annuale,IT,Italia,JAN,Popolazione al 1º gennaio,1,Maschi,Y66,66 anni,99,Totale,2023,353413,e,Dato stimato
A,Annuale,IT,Italia,JAN,Popolazione al 1º gennaio,1,Maschi,Y67,67 anni,99,Totale,2023,343776,e,Dato stimato
A,Annuale,IT,Italia,JAN,Popolazione al 1º gennaio,1,Maschi,Y68,68 anni,99,Totale,2023,334882,e,Dato stimato
A,Annuale,IT,Italia,JAN,Popolazione al 1º gennaio,1,Maschi,Y69,69 anni,99,Totale,2023,318050,e,Dato stimato
A,Annuale,IT,Italia,JAN,Popolazione al 1º gennaio,1,Maschi,Y70,70 anni,99,Totale,2023,308681,e,Dato stimato
A,Annuale,IT,Italia,JAN,Popolazione al 1º gennaio,1,Maschi,Y71,71 anni,99,Totale,2023,304078,e,Dato stimato
A,Annuale,IT,Italia,JAN,Popolazione al 1º gennaio,1,Maschi,Y72,72 anni,99,Totale,2023,310891,e,Dato stimato
A,Annuale,IT,Italia,JAN,Popolazione al 1º gennaio,1,Maschi,Y73,73 anni,99,Totale,2023,308022,e,Dato stimato
A,Annuale,IT,Italia,JAN,Popolazione al 1º gennaio,1,Maschi,Y74,74 anni,99,Totale,2023,314675,e,Dato stimato
A,Annuale,IT,Italia,JAN,Popolazione al 1º gennaio,1,Maschi,Y75,75 anni,99,Totale,2023,301503,e,Dato stimato
A,Annuale,IT,Italia,JAN,Popolazione al 1º gennaio,1,Maschi,Y76,76 anni,99,Totale,2023,293180,e,Dato stimato
A,Annuale,IT,Italia,JAN,Popolazione al 1º gennaio,1,Maschi,Y77,77 anni,99,Totale,2023,219447,e,Dato stimato
A,Annuale,IT,Italia,JAN,Popolazione al 1º gennaio,1,Maschi,Y78,78 anni,99,Totale,2023,218824,e,Dato stimato
A,Annuale,IT,Italia,JAN,Popolazione al 1º gennaio,1,Maschi,Y79,79 anni,99,Totale,2023,211157,e,Dato stimato
A,Annuale,IT,Italia,JAN,Popolazione al 1º gennaio,1,Maschi,Y80,80 anni,99,Totale,2023,201268,e,Dato stimato
A,Annuale,IT,Italia,JAN,Popolazione al 1º gennaio,1,Maschi,Y81,81 anni,99,Totale,2023,193453,e,Dato stimato
A,Annuale,IT,Italia,JAN,Popolazione al 1º gennaio,1,Maschi,Y82,82 anni,99,Totale,2023,201945,e,Dato stimato
A,Annuale,IT,Italia,JAN,Popolazione al 1º gennaio,1,Maschi,Y83,83 anni,99,Totale,2023,187588,e,Dato stimato
A,Annuale,IT,Italia,JAN,Popolazione al 1º gennaio,1,Maschi,Y84,84 anni,99,Totale,2023,168211,e,Dato stimato
A,Annuale,IT,Italia,JAN,Popolazione al 1º gennaio,1,Maschi,Y85,85 anni,99,Totale,2023,142338,e,Dato stimato
A,Annuale,IT,Italia,JAN,Popolazione al 1º gennaio,1,Maschi,Y86,86 anni,99,Totale,2023,119197,e,Dato stimato
A,Annuale,IT,Italia,JAN,Popolazione al 1º gennaio,1,Maschi,Y87,87 anni,99,Totale,2023,108884,e,Dato stimato
A,Annuale,IT,Italia,JAN,Popolazione al 1º gennaio,1,Maschi,Y88,88 anni,99,Totale,2023,91756,e,Dato stimato
A,Annuale,IT,Italia,JAN,Popolazione al 1º gennaio,1,Maschi,Y89,89 anni,99,Totale,2023,75908,e,Dato stimato
A,Annuale,IT,Italia,JAN,Popolazione al 1º gennaio,1,Maschi,Y90,90 anni,99,Totale,2023,61012,e,Dato stimato
A,Annuale,IT,Italia,JAN,Popolazione al 1º gennaio,1,Maschi,Y91,91 anni,99,Totale,2023,49910,e,Dato stimato
A,Annuale,IT,Italia,JAN,Popolazione al 1º gennaio,1,Maschi,Y92,92 anni,99,Totale,2023,40758,e,Dato stimato
A,Annuale,IT,Italia,JAN,Popolazione al 1º gennaio,1,Maschi,Y93,93 anni,99,Totale,2023,28824,e,Dato stimato
A,Annuale,IT,Italia,JAN,Popolazione al 1º gennaio,1,Maschi,Y94,94 anni,99,Totale,2023,20835,e,Dato stimato
A,Annuale,IT,Italia,JAN,Popolazione al 1º gennaio,1,Maschi,Y95,95 anni,99,Totale,2023,14946,e,Dato stimato
A,Annuale,IT,Italia,JAN,Popolazione al 1º gennaio,1,Maschi,Y96,96 anni,99,Totale,2023,9997,e,Dato stimato
A,Annuale,IT,Italia,JAN,Popolazione al 1º gennaio,1,Maschi,Y97,97 anni,99,Totale,2023,6589,e,Dato stimato
A,Annuale,IT,Italia,JAN,Popolazione al 1º gennaio,1,Maschi,Y98,98 anni,99,Totale,2023,4276,e,Dato stimato
A,Annuale,IT,Italia,JAN,Popolazione al 1º gennaio,1,Maschi,Y99,99 anni,99,Totale,2023,2833,e,Dato stimato
A,Annuale,IT,Italia,JAN,Popolazione al 1º gennaio,1,Maschi,Y_GE100,100 anni e più,99,Totale,2023,3730,e,Dato stimato
A,Annuale,IT,Italia,JAN,Popolazione al 1º gennaio,1,Maschi,TOTAL,Totale,99,Totale,2023,28749359,e,Dato stimato
A,Annuale,IT,Italia,JAN,Popolazione al 1º gennaio,2,Femmine,Y0,0 anni,99,Totale,2023,191380,e,Dato stimato
A,Annuale,IT,Italia,JAN,Popolazione al 1º gennaio,2,Femmine,Y1,1 anni,99,Totale,2023,195997,e,Dato stimato
A,Annuale,IT,Italia,JAN,Popolazione al 1º gennaio,2,Femmine,Y2,2 anni,99,Totale,2023,198677,e,Dato stimato
A,Annuale,IT,Italia,JAN,Popolazione al 1º gennaio,2,Femmine,Y3,3 anni,99,Totale,2023,208065,e,Dato stimato
A,Annuale,IT,Italia,JAN,Popolazione al 1º gennaio,2,Femmine,Y4,4 anni,99,Totale,2023,216861,e,Dato stimato
A,Annuale,IT,Italia,JAN,Popolazione al 1º gennaio,2,Femmine,Y5,5 anni,99,Totale,2023,226363,e,Dato stimato
A,Annuale,IT,Italia,JAN,Popolazione al 1º gennaio,2,Femmine,Y6,6 anni,99,Totale,2023,233760,e,Dato stimato
A,Annuale,IT,Italia,JAN,Popolazione al 1º gennaio,2,Femmine,Y7,7 anni,99,Totale,2023,239251,e,Dato stimato
A,Annuale,IT,Italia,JAN,Popolazione al 1º gennaio,2,Femmine,Y8,8 anni,99,Totale,2023,246234,e,Dato stimato
A,Annuale,IT,Italia,JAN,Popolazione al 1º gennaio,2,Femmine,Y9,9 anni,99,Totale,2023,249747,e,Dato stimato
A,Annuale,IT,Italia,JAN,Popolazione al 1º gennaio,2,Femmine,Y10,10 anni,99,Totale,2023,260586,e,Dato stimato
A,Annuale,IT,Italia,JAN,Popolazione al 1º gennaio,2,Femmine,Y11,11 anni,99,Totale,2023,264859,e,Dato stimato
A,Annuale,IT,Italia,JAN,Popolazione al 1º gennaio,2,Femmine,Y12,12 anni,99,Totale,2023,271991,e,Dato stimato
A,Annuale,IT,Italia,JAN,Popolazione al 1º gennaio,2,Femmine,Y13,13 anni,99,Totale,2023,276509,e,Dato stimato
A,Annuale,IT,Italia,JAN,Popolazione al 1º gennaio,2,Femmine,Y14,14 anni,99,Totale,2023,280564,e,Dato stimato
A,Annuale,IT,Italia,JAN,Popolazione al 1º gennaio,2,Femmine,Y15,15 anni,99,Totale,2023,279163,e,Dato stimato
A,Annuale,IT,Italia,JAN,Popolazione al 1º gennaio,2,Femmine,Y16,16 anni,99,Totale,2023,279585,e,Dato stimato
A,Annuale,IT,Italia,JAN,Popolazione al 1º gennaio,2,Femmine,Y17,17 anni,99,Totale,2023,278059,e,Dato stimato
A,Annuale,IT,Italia,JAN,Popolazione al 1º gennaio,2,Femmine,Y18,18 anni,99,Totale,2023,282489,e,Dato stimato
A,Annuale,IT,Italia,JAN,Popolazione al 1º gennaio,2,Femmine,Y19,19 anni,99,Totale,2023,276671,e,Dato stimato
A,Annuale,IT,Italia,JAN,Popolazione al 1º gennaio,2,Femmine,Y20,20 anni,99,Totale,2023,275530,e,Dato stimato
A,Annuale,IT,Italia,JAN,Popolazione al 1º gennaio,2,Femmine,Y21,21 anni,99,Totale,2023,279003,e,Dato stimato
A,Annuale,IT,Italia,JAN,Popolazione al 1º gennaio,2,Femmine,Y22,22 anni,99,Totale,2023,283722,e,Dato stimato
A,Annuale,IT,Italia,JAN,Popolazione al 1º gennaio,2,Femmine,Y23,23 anni,99,Totale,2023,280571,e,Dato stimato
A,Annuale,IT,Italia,JAN,Popolazione al 1º gennaio,2,Femmine,Y24,24 anni,99,Totale,2023,281686,e,Dato stimato
A,Annuale,IT,Italia,JAN,Popolazione al 1º gennaio,2,Femmine,Y25,25 anni,99,Totale,2023,283161,e,Dato stimato
A,Annuale,IT,Italia,JAN,Popolazione al 1º gennaio,2,Femmine,Y26,26 anni,99,Totale,2023,284913,e,Dato stimato
A,Annuale,IT,Italia,JAN,Popolazione al 1º gennaio,2,Femmine,Y27,27 anni,99,Totale,2023,284758,e,Dato stimato
A,Annuale,IT,Italia,JAN,Popolazione al 1º gennaio,2,Femmine,Y28,28 anni,99,Totale,2023,289601,e,Dato stimato
A,Annuale,IT,Italia,JAN,Popolazione al 1º gennaio,2,Femmine,Y29,29 anni,99,Totale,2023,296419,e,Dato stimato
A,Annuale,IT,Italia,JAN,Popolazione al 1º gennaio,2,Femmine,Y30,30 anni,99,Totale,2023,309268,e,Dato stimato
A,Annuale,IT,Italia,JAN,Popolazione al 1º gennaio,2,Femmine,Y31,31 anni,99,Totale,2023,309785,e,Dato stimato
A,Annuale,IT,Italia,JAN,Popolazione al 1º gennaio,2,Femmine,Y32,32 anni,99,Totale,2023,315784,e,Dato stimato
A,Annuale,IT,Italia,JAN,Popolazione al 1º gennaio,2,Femmine,Y33,33 anni,99,Totale,2023,317416,e,Dato stimato
A,Annuale,IT,Italia,JAN,Popolazione al 1º gennaio,2,Femmine,Y34,34 anni,99,Totale,2023,325045,e,Dato stimato
A,Annuale,IT,Italia,JAN,Popolazione al 1º gennaio,2,Femmine,Y35,35 anni,99,Totale,2023,320066,e,Dato stimato
A,Annuale,IT,Italia,JAN,Popolazione al 1º gennaio,2,Femmine,Y36,36 anni,99,Totale,2023,322291,e,Dato stimato
A,Annuale,IT,Italia,JAN,Popolazione al 1º gennaio,2,Femmine,Y37,37 anni,99,Totale,2023,333188,e,Dato stimato
A,Annuale,IT,Italia,JAN,Popolazione al 1º gennaio,2,Femmine,Y38,38 anni,99,Totale,2023,339842,e,Dato stimato
A,Annuale,IT,Italia,JAN,Popolazione al 1º gennaio,2,Femmine,Y39,39 anni,99,Totale,2023,346020,e,Dato stimato
A,Annuale,IT,Italia,JAN,Popolazione al 1º gennaio,2,Femmine,Y40,40 anni,99,Totale,2023,358824,e,Dato stimato
A,Annuale,IT,Italia,JAN,Popolazione al 1º gennaio,2,Femmine,Y41,41 anni,99,Totale,2023,361856,e,Dato stimato
A,Annuale,IT,Italia,JAN,Popolazione al 1º gennaio,2,Femmine,Y42,42 anni,99,Totale,2023,369601,e,Dato stimato
A,Annuale,IT,Italia,JAN,Popolazione al 1º gennaio,2,Femmine,Y43,43 anni,99,Totale,2023,383228,e,Dato stimato
A,Annuale,IT,Italia,JAN,Popolazione al 1º gennaio,2,Femmine,Y44,44 anni,99,Totale,2023,402930,e,Dato stimato
A,Annuale,IT,Italia,JAN,Popolazione al 1º gennaio,2,Femmine,Y45,45 anni,99,Totale,2023,417360,e,Dato stimato
A,Annuale,IT,Italia,JAN,Popolazione al 1º gennaio,2,Femmine,Y46,46 anni,99,Totale,2023,435408,e,Dato stimato
A,Annuale,IT,Italia,JAN,Popolazione al 1º gennaio,2,Femmine,Y47,47 anni,99,Totale,2023,456290,e,Dato stimato
A,Annuale,IT,Italia,JAN,Popolazione al 1º gennaio,2,Femmine,Y48,48 anni,99,Totale,2023,474509,e,Dato stimato
A,Annuale,IT,Italia,JAN,Popolazione al 1º gennaio,2,Femmine,Y49,49 anni,99,Totale,2023,472809,e,Dato stimato
A,Annuale,IT,Italia,JAN,Popolazione al 1º gennaio,2,Femmine,Y50,50 anni,99,Totale,2023,476472,e,Dato stimato
A,Annuale,IT,Italia,JAN,Popolazione al 1º gennaio,2,Femmine,Y51,51 anni,99,Totale,2023,482685,e,Dato stimato
A,Annuale,IT,Italia,JAN,Popolazione al 1º gennaio,2,Femmine,Y52,52 anni,99,Totale,2023,477896,e,Dato stimato
A,Annuale,IT,Italia,JAN,Popolazione al 1º gennaio,2,Femmine,Y53,53 anni,99,Totale,2023,490749,e,Dato stimato
A,Annuale,IT,Italia,JAN,Popolazione al 1º gennaio,2,Femmine,Y54,54 anni,99,Totale,2023,486960,e,Dato stimato
A,Annuale,IT,Italia,JAN,Popolazione al 1º gennaio,2,Femmine,Y55,55 anni,99,Totale,2023,489725,e,Dato stimato
A,Annuale,IT,Italia,JAN,Popolazione al 1º gennaio,2,Femmine,Y56,56 anni,99,Totale,2023,492662,e,Dato stimato
A,Annuale,IT,Italia,JAN,Popolazione al 1º gennaio,2,Femmine,Y57,57 anni,99,Totale,2023,491233,e,Dato stimato
A,Annuale,IT,Italia,JAN,Popolazione al 1º gennaio,2,Femmine,Y58,58 anni,99,Totale,2023,497652,e,Dato stimato
A,Annuale,IT,Italia,JAN,Popolazione al 1º gennaio,2,Femmine,Y59,59 anni,99,Totale,2023,468467,e,Dato stimato
A,Annuale,IT,Italia,JAN,Popolazione al 1º gennaio,2,Femmine,Y60,60 anni,99,Totale,2023,452536,e,Dato stimato
A,Annuale,IT,Italia,JAN,Popolazione al 1º gennaio,2,Femmine,Y61,61 anni,99,Totale,2023,443210,e,Dato stimato
A,Annuale,IT,Italia,JAN,Popolazione al 1º gennaio,2,Femmine,Y62,62 anni,99,Totale,2023,428559,e,Dato stimato
A,Annuale,IT,Italia,JAN,Popolazione al 1º gennaio,2,Femmine,Y63,63 anni,99,Totale,2023,416976,e,Dato stimato
A,Annuale,IT,Italia,JAN,Popolazione al 1º gennaio,2,Femmine,Y64,64 anni,99,Totale,2023,398452,e,Dato stimato
A,Annuale,IT,Italia,JAN,Popolazione al 1º gennaio,2,Femmine,Y65,65 anni,99,Totale,2023,393494,e,Dato stimato
A,Annuale,IT,Italia,JAN,Popolazione al 1º gennaio,2,Femmine,Y66,66 anni,99,Totale,2023,384653,e,Dato stimato
A,Annuale,IT,Italia,JAN,Popolazione al 1º gennaio,2,Femmine,Y67,67 anni,99,Totale,2023,376658,e,Dato stimato
A,Annuale,IT,Italia,JAN,Popolazione al 1º gennaio,2,Femmine,Y68,68 anni,99,Totale,2023,370081,e,Dato stimato
A,Annuale,IT,Italia,JAN,Popolazione al 1º gennaio,2,Femmine,Y69,69 anni,99,Totale,2023,351087,e,Dato stimato
A,Annuale,IT,Italia,JAN,Popolazione al 1º gennaio,2,Femmine,Y70,70 anni,99,Totale,2023,345131,e,Dato stimato
A,Annuale,IT,Italia,JAN,Popolazione al 1º gennaio,2,Femmine,Y71,71 anni,99,Totale,2023,342402,e,Dato stimato
A,Annuale,IT,Italia,JAN,Popolazione al 1º gennaio,2,Femmine,Y72,72 anni,99,Totale,2023,352672,e,Dato stimato
A,Annuale,IT,Italia,JAN,Popolazione al 1º gennaio,2,Femmine,Y73,73 anni,99,Totale,2023,352094,e,Dato stimato
A,Annuale,IT,Italia,JAN,Popolazione al 1º gennaio,2,Femmine,Y74,74 anni,99,Totale,2023,365225,e,Dato stimato
A,Annuale,IT,Italia,JAN,Popolazione al 1º gennaio,2,Femmine,Y75,75 anni,99,Totale,2023,352934,e,Dato stimato
A,Annuale,IT,Italia,JAN,Popolazione al 1º gennaio,2,Femmine,Y76,76 anni,99,Totale,2023,349678,e,Dato stimato
A,Annuale,IT,Italia,JAN,Popolazione al 1º gennaio,2,Femmine,Y77,77 anni,99,Totale,2023,266926,e,Dato stimato
A,Annuale,IT,Italia,JAN,Popolazione al 1º gennaio,2,Femmine,Y78,78 anni,99,Totale,2023,271183,e,Dato stimato
A,Annuale,IT,Italia,JAN,Popolazione al 1º gennaio,2,Femmine,Y79,79 anni,99,Totale,2023,270025,e,Dato stimato
A,Annuale,IT,Italia,JAN,Popolazione al 1º gennaio,2,Femmine,Y80,80 anni,99,Totale,2023,262849,e,Dato stimato
A,Annuale,IT,Italia,JAN,Popolazione al 1º gennaio,2,Femmine,Y81,81 anni,99,Totale,2023,259038,e,Dato stimato
A,Annuale,IT,Italia,JAN,Popolazione al 1º gennaio,2,Femmine,Y82,82 anni,99,Totale,2023,277199,e,Dato stimato
A,Annuale,IT,Italia,JAN,Popolazione al 1º gennaio,2,Femmine,Y83,83 anni,99,Totale,2023,263259,e,Dato stimato
A,Annuale,IT,Italia,JAN,Popolazione al 1º gennaio,2,Femmine,Y84,84 anni,99,Totale,2023,245218,e,Dato stimato
A,Annuale,IT,Italia,JAN,Popolazione al 1º gennaio,2,Femmine,Y85,85 anni,99,Totale,2023,215135,e,Dato stimato
A,Annuale,IT,Italia,JAN,Popolazione al 1º gennaio,2,Femmine,Y86,86 anni,99,Totale,2023,190403,e,Dato stimato
A,Annuale,IT,Italia,JAN,Popolazione al 1º gennaio,2,Femmine,Y87,87 anni,99,Totale,2023,181089,e,Dato stimato
A,Annuale,IT,Italia,JAN,Popolazione al 1º gennaio,2,Femmine,Y88,88 anni,99,Totale,2023,161696,e,Dato stimato
A,Annuale,IT,Italia,JAN,Popolazione al 1º gennaio,2,Femmine,Y89,89 anni,99,Totale,2023,141340,e,Dato stimato
A,Annuale,IT,Italia,JAN,Popolazione al 1º gennaio,2,Femmine,Y90,90 anni,99,Totale,2023,122465,e,Dato stimato
A,Annuale,IT,Italia,JAN,Popolazione al 1º gennaio,2,Femmine,Y91,91 anni,99,Totale,2023,105894,e,Dato stimato
A,Annuale,IT,Italia,JAN,Popolazione al 1º gennaio,2,Femmine,Y92,92 anni,99,Totale,2023,94138,e,Dato stimato
A,Annuale,IT,Italia,JAN,Popolazione al 1º gennaio,2,Femmine,Y93,93 anni,99,Totale,2023,71772,e,Dato stimato
A,Annuale,IT,Italia,JAN,Popolazione al 1º gennaio,2,Femmine,Y94,94 anni,99,Totale,2023,56802,e,Dato stimato
A,Annuale,IT,Italia,JAN,Popolazione al 1º gennaio,2,Femmine,Y95,95 anni,99,Totale,2023,43936,e,Dato stimato
A,Annuale,IT,Italia,JAN,Popolazione al 1º gennaio,2,Femmine,Y96,96 anni,99,Totale,2023,32626,e,Dato stimato
A,Annuale,IT,Italia,JAN,Popolazione al 1º gennaio,2,Femmine,Y97,97 anni,99,Totale,2023,23767,e,Dato stimato
A,Annuale,IT,Italia,JAN,Popolazione al 1º gennaio,2,Femmine,Y98,98 anni,99,Totale,2023,16723,e,Dato stimato
A,Annuale,IT,Italia,JAN,Popolazione al 1º gennaio,2,Femmine,Y99,99 anni,99,Totale,2023,11695,e,Dato stimato
A,Annuale,IT,Italia,JAN,Popolazione al 1º gennaio,2,Femmine,Y_GE100,100 anni e più,99,Totale,2023,18142,e,Dato stimato
A,Annuale,IT,Italia,JAN,Popolazione al 1º gennaio,2,Femmine,TOTAL,Totale,99,Totale,2023,30101358,e,Dato stimato
A,Annuale,IT,Italia,JAN,Popolazione al 1º gennaio,9,Totale,Y0,0 anni,99,Totale,2023,395348,e,Dato stimato
A,Annuale,IT,Italia,JAN,Popolazione al 1º gennaio,9,Totale,Y1,1 anni,99,Totale,2023,402454,e,Dato stimato
A,Annuale,IT,Italia,JAN,Popolazione al 1º gennaio,9,Totale,Y2,2 anni,99,Totale,2023,409723,e,Dato stimato
A,Annuale,IT,Italia,JAN,Popolazione al 1º gennaio,9,Totale,Y3,3 anni,99,Totale,2023,427219,e,Dato stimato
A,Annuale,IT,Italia,JAN,Popolazione al 1º gennaio,9,Totale,Y4,4 anni,99,Totale,2023,446724,e,Dato stimato
A,Annuale,IT,Italia,JAN,Popolazione al 1º gennaio,9,Totale,Y5,5 anni,99,Totale,2023,466622,e,Dato stimato
A,Annuale,IT,Italia,JAN,Popolazione al 1º gennaio,9,Totale,Y6,6 anni,99,Totale,2023,480331,e,Dato stimato
A,Annuale,IT,Italia,JAN,Popolazione al 1º gennaio,9,Totale,Y7,7 anni,99,Totale,2023,492439,e,Dato stimato
A,Annuale,IT,Italia,JAN,Popolazione al 1º gennaio,9,Totale,Y8,8 anni,99,Totale,2023,507021,e,Dato stimato
A,Annuale,IT,Italia,JAN,Popolazione al 1º gennaio,9,Totale,Y9,9 anni,99,Totale,2023,514405,e,Dato stimato
A,Annuale,IT,Italia,JAN,Popolazione al 1º gennaio,9,Totale,Y10,10 anni,99,Totale,2023,536684,e,Dato stimato
A,Annuale,IT,Italia,JAN,Popolazione al 1º gennaio,9,Totale,Y11,11 anni,99,Totale,2023,545883,e,Dato stimato
A,Annuale,IT,Italia,JAN,Popolazione al 1º gennaio,9,Totale,Y12,12 anni,99,Totale,2023,561463,e,Dato stimato
A,Annuale,IT,Italia,JAN,Popolazione al 1º gennaio,9,Totale,Y13,13 anni,99,Totale,2023,570248,e,Dato stimato
A,Annuale,IT,Italia,JAN,Popolazione al 1º gennaio,9,Totale,Y14,14 anni,99,Totale,2023,577610,e,Dato stimato
A,Annuale,IT,Italia,JAN,Popolazione al 1º gennaio,9,Totale,Y15,15 anni,99,Totale,2023,576554,e,Dato stimato
A,Annuale,IT,Italia,JAN,Popolazione al 1º gennaio,9,Totale,Y16,16 anni,99,Totale,2023,578184,e,Dato stimato
A,Annuale,IT,Italia,JAN,Popolazione al 1º gennaio,9,Totale,Y17,17 anni,99,Totale,2023,575678,e,Dato stimato
A,Annuale,IT,Italia,JAN,Popolazione al 1º gennaio,9,Totale,Y18,18 anni,99,Totale,2023,583849,e,Dato stimato
A,Annuale,IT,Italia,JAN,Popolazione al 1º gennaio,9,Totale,Y19,19 anni,99,Totale,2023,573950,e,Dato stimato
A,Annuale,IT,Italia,JAN,Popolazione al 1º gennaio,9,Totale,Y20,20 anni,99,Totale,2023,572120,e,Dato stimato
A,Annuale,IT,Italia,JAN,Popolazione al 1º gennaio,9,Totale,Y21,21 anni,99,Totale,2023,580839,e,Dato stimato
A,Annuale,IT,Italia,JAN,Popolazione al 1º gennaio,9,Totale,Y22,22 anni,99,Totale,2023,594004,e,Dato stimato
A,Annuale,IT,Italia,JAN,Popolazione al 1º gennaio,9,Totale,Y23,23 anni,99,Totale,2023,589609,e,Dato stimato
A,Annuale,IT,Italia,JAN,Popolazione al 1º gennaio,9,Totale,Y24,24 anni,99,Totale,2023,594985,e,Dato stimato
A,Annuale,IT,Italia,JAN,Popolazione al 1º gennaio,9,Totale,Y25,25 anni,99,Totale,2023,593318,e,Dato stimato
A,Annuale,IT,Italia,JAN,Popolazione al 1º gennaio,9,Totale,Y26,26 anni,99,Totale,2023,595016,e,Dato stimato
A,Annuale,IT,Italia,JAN,Popolazione al 1º gennaio,9,Totale,Y27,27 anni,99,Totale,2023,592381,e,Dato stimato
A,Annuale,IT,Italia,JAN,Popolazione al 1º gennaio,9,Totale,Y28,28 anni,99,Totale,2023,598463,e,Dato stimato
A,Annuale,IT,Italia,JAN,Popolazione al 1º gennaio,9,Totale,Y29,29 anni,99,Totale,2023,609079,e,Dato stimato
A,Annuale,IT,Italia,JAN,Popolazione al 1º gennaio,9,Totale,Y30,30 anni,99,Totale,2023,634504,e,Dato stimato
A,Annuale,IT,Italia,JAN,Popolazione al 1º gennaio,9,Totale,Y31,31 anni,99,Totale,2023,632816,e,Dato stimato
A,Annuale,IT,Italia,JAN,Popolazione al 1º gennaio,9,Totale,Y32,32 anni,99,Totale,2023,645395,e,Dato stimato
A,Annuale,IT,Italia,JAN,Popolazione al 1º gennaio,9,Totale,Y33,33 anni,99,Totale,2023,643607,e,Dato stimato
A,Annuale,IT,Italia,JAN,Popolazione al 1º gennaio,9,Totale,Y34,34 anni,99,Totale,2023,659658,e,Dato stimato
A,Annuale,IT,Italia,JAN,Popolazione al 1º gennaio,9,Totale,Y35,35 anni,99,Totale,2023,647219,e,Dato stimato
A,Annuale,IT,Italia,JAN,Popolazione al 1º gennaio,9,Totale,Y36,36 anni,99,Totale,2023,650419,e,Dato stimato
A,Annuale,IT,Italia,JAN,Popolazione al 1º gennaio,9,Totale,Y37,37 anni,99,Totale,2023,670493,e,Dato stimato
A,Annuale,IT,Italia,JAN,Popolazione al 1º gennaio,9,Totale,Y38,38 anni,99,Totale,2023,683670,e,Dato stimato
A,Annuale,IT,Italia,JAN,Popolazione al 1º gennaio,9,Totale,Y39,39 anni,99,Totale,2023,695805,e,Dato stimato
A,Annuale,IT,Italia,JAN,Popolazione al 1º gennaio,9,Totale,Y40,40 anni,99,Totale,2023,719837,e,Dato stimato
A,Annuale,IT,Italia,JAN,Popolazione al 1º gennaio,9,Totale,Y41,41 anni,99,Totale,2023,724145,e,Dato stimato
A,Annuale,IT,Italia,JAN,Popolazione al 1º gennaio,9,Totale,Y42,42 anni,99,Totale,2023,742175,e,Dato stimato
A,Annuale,IT,Italia,JAN,Popolazione al 1º gennaio,9,Totale,Y43,43 anni,99,Totale,2023,765477,e,Dato stimato
A,Annuale,IT,Italia,JAN,Popolazione al 1º gennaio,9,Totale,Y44,44 anni,99,Totale,2023,805469,e,Dato stimato
A,Annuale,IT,Italia,JAN,Popolazione al 1º gennaio,9,Totale,Y45,45 anni,99,Totale,2023,831600,e,Dato stimato
A,Annuale,IT,Italia,JAN,Popolazione al 1º gennaio,9,Totale,Y46,46 anni,99,Totale,2023,867345,e,Dato stimato
A,Annuale,IT,Italia,JAN,Popolazione al 1º gennaio,9,Totale,Y47,47 anni,99,Totale,2023,908032,e,Dato stimato
A,Annuale,IT,Italia,JAN,Popolazione al 1º gennaio,9,Totale,Y48,48 anni,99,Totale,2023,943929,e,Dato stimato
A,Annuale,IT,Italia,JAN,Popolazione al 1º gennaio,9,Totale,Y49,49 anni,99,Totale,2023,937961,e,Dato stimato
A,Annuale,IT,Italia,JAN,Popolazione al 1º gennaio,9,Totale,Y50,50 anni,99,Totale,2023,946521,e,Dato stimato
A,Annuale,IT,Italia,JAN,Popolazione al 1º gennaio,9,Totale,Y51,51 anni,99,Totale,2023,954906,e,Dato stimato
A,Annuale,IT,Italia,JAN,Popolazione al 1º gennaio,9,Totale,Y52,52 anni,99,Totale,2023,945467,e,Dato stimato
A,Annuale,IT,Italia,JAN,Popolazione al 1º gennaio,9,Totale,Y53,53 anni,99,Totale,2023,969444,e,Dato stimato
A,Annuale,IT,Italia,JAN,Popolazione al 1º gennaio,9,Totale,Y54,54 anni,99,Totale,2023,960599,e,Dato stimato
A,Annuale,IT,Italia,JAN,Popolazione al 1º gennaio,9,Totale,Y55,55 anni,99,Totale,2023,963483,e,Dato stimato
A,Annuale,IT,Italia,JAN,Popolazione al 1º gennaio,9,Totale,Y56,56 anni,99,Totale,2023,971297,e,Dato stimato
A,Annuale,IT,Italia,JAN,Popolazione al 1º gennaio,9,Totale,Y57,57 anni,99,Totale,2023,967372,e,Dato stimato
A,Annuale,IT,Italia,JAN,Popolazione al 1º gennaio,9,Totale,Y58,58 anni,99,Totale,2023,978146,e,Dato stimato
A,Annuale,IT,Italia,JAN,Popolazione al 1º gennaio,9,Totale,Y59,59 anni,99,Totale,2023,915364,e,Dato stimato
A,Annuale,IT,Italia,JAN,Popolazione al 1º gennaio,9,Totale,Y60,60 anni,99,Totale,2023,881514,e,Dato stimato
A,Annuale,IT,Italia,JAN,Popolazione al 1º gennaio,9,Totale,Y61,61 anni,99,Totale,2023,860716,e,Dato stimato
A,Annuale,IT,Italia,JAN,Popolazione al 1º gennaio,9,Totale,Y62,62 anni,99,Totale,2023,831213,e,Dato stimato
A,Annuale,IT,Italia,JAN,Popolazione al 1º gennaio,9,Totale,Y63,63 anni,99,Totale,2023,807375,e,Dato stimato
A,Annuale,IT,Italia,JAN,Popolazione al 1º gennaio,9,Totale,Y64,64 anni,99,Totale,2023,768096,e,Dato stimato
A,Annuale,IT,Italia,JAN,Popolazione al 1º gennaio,9,Totale,Y65,65 anni,99,Totale,2023,756673,e,Dato stimato
A,Annuale,IT,Italia,JAN,Popolazione al 1º gennaio,9,Totale,Y66,66 anni,99,Totale,2023,738066,e,Dato stimato
A,Annuale,IT,Italia,JAN,Popolazione al 1º gennaio,9,Totale,Y67,67 anni,99,Totale,2023,720434,e,Dato stimato
A,Annuale,IT,Italia,JAN,Popolazione al 1º gennaio,9,Totale,Y68,68 anni,99,Totale,2023,704963,e,Dato stimato
A,Annuale,IT,Italia,JAN,Popolazione al 1º gennaio,9,Totale,Y69,69 anni,99,Totale,2023,669137,e,Dato stimato
A,Annuale,IT,Italia,JAN,Popolazione al 1º gennaio,9,Totale,Y70,70 anni,99,Totale,2023,653812,e,Dato stimato
A,Annuale,IT,Italia,JAN,Popolazione al 1º gennaio,9,Totale,Y71,71 anni,99,Totale,2023,646480,e,Dato stimato
A,Annuale,IT,Italia,JAN,Popolazione al 1º gennaio,9,Totale,Y72,72 anni,99,Totale,2023,663563,e,Dato stimato
A,Annuale,IT,Italia,JAN,Popolazione al 1º gennaio,9,Totale,Y73,73 anni,99,Totale,2023,660116,e,Dato stimato
A,Annuale,IT,Italia,JAN,Popolazione al 1º gennaio,9,Totale,Y74,74 anni,99,Totale,2023,679900,e,Dato stimato
A,Annuale,IT,Italia,JAN,Popolazione al 1º gennaio,9,Totale,Y75,75 anni,99,Totale,2023,654437,e,Dato stimato
A,Annuale,IT,Italia,JAN,Popolazione al 1º gennaio,9,Totale,Y76,76 anni,99,Totale,2023,642858,e,Dato stimato
A,Annuale,IT,Italia,JAN,Popolazione al 1º gennaio,9,Totale,Y77,77 anni,99,Totale,2023,486373,e,Dato stimato
A,Annuale,IT,Italia,JAN,Popolazione al 1º gennaio,9,Totale,Y78,78 anni,99,Totale,2023,490007,e,Dato stimato
A,Annuale,IT,Italia,JAN,Popolazione al 1º gennaio,9,Totale,Y79,79 anni,99,Totale,2023,481182,e,Dato stimato
A,Annuale,IT,Italia,JAN,Popolazione al 1º gennaio,9,Totale,Y80,80 anni,99,Totale,2023,464117,e,Dato stimato
A,Annuale,IT,Italia,JAN,Popolazione al 1º gennaio,9,Totale,Y81,81 anni,99,Totale,2023,452491,e,Dato stimato
A,Annuale,IT,Italia,JAN,Popolazione al 1º gennaio,9,Totale,Y82,82 anni,99,Totale,2023,479144,e,Dato stimato
A,Annuale,IT,Italia,JAN,Popolazione al 1º gennaio,9,Totale,Y83,83 anni,99,Totale,2023,450847,e,Dato stimato
A,Annuale,IT,Italia,JAN,Popolazione al 1º gennaio,9,Totale,Y84,84 anni,99,Totale,2023,413429,e,Dato stimato
A,Annuale,IT,Italia,JAN,Popolazione al 1º gennaio,9,Totale,Y85,85 anni,99,Totale,2023,357473,e,Dato stimato
A,Annuale,IT,Italia,JAN,Popolazione al 1º gennaio,9,Totale,Y86,86 anni,99,Totale,2023,309600,e,Dato stimato
A,Annuale,IT,Italia,JAN,Popolazione al 1º gennaio,9,Totale,Y87,87 anni,99,Totale,2023,289973,e,Dato stimato
A,Annuale,IT,Italia,JAN,Popolazione al 1º gennaio,9,Totale,Y88,88 anni,99,Totale,2023,253452,e,Dato stimato
A,Annuale,IT,Italia,JAN,Popolazione al 1º gennaio,9,Totale,Y89,89 anni,99,Totale,2023,217248,e,Dato stimato
A,Annuale,IT,Italia,JAN,Popolazione al 1º gennaio,9,Totale,Y90,90 anni,99,Totale,2023,183477,e,Dato stimato
A,Annuale,IT,Italia,JAN,Popolazione al 1º gennaio,9,Totale,Y91,91 anni,99,Totale,2023,155804,e,Dato stimato
A,Annuale,IT,Italia,JAN,Popolazione al 1º gennaio,9,Totale,Y92,92 anni,99,Totale,2023,134896,e,Dato stimato
A,Annuale,IT,Italia,JAN,Popolazione al 1º gennaio,9,Totale,Y93,93 anni,99,Totale,2023,100596,e,Dato stimato
A,Annuale,IT,Italia,JAN,Popolazione al 1º gennaio,9,Totale,Y94,94 anni,99,Totale,2023,77637,e,Dato stimato
A,Annuale,IT,Italia,JAN,Popolazione al 1º gennaio,9,Totale,Y95,95 anni,99,Totale,2023,58882,e,Dato stimato
A,Annuale,IT,Italia,JAN,Popolazione al 1º gennaio,9,Totale,Y96,96 anni,99,Totale,2023,42623,e,Dato stimato
A,Annuale,IT,Italia,JAN,Popolazione al 1º gennaio,9,Totale,Y97,97 anni,99,Totale,2023,30356,e,Dato stimato
A,Annuale,IT,Italia,JAN,Popolazione al 1º gennaio,9,Totale,Y98,98 anni,99,Totale,2023,20999,e,Dato stimato
A,Annuale,IT,Italia,JAN,Popolazione al 1º gennaio,9,Totale,Y99,99 anni,99,Totale,2023,14528,e,Dato stimato
A,Annuale,IT,Italia,JAN,Popolazione al 1º gennaio,9,Totale,Y_GE100,100 anni e più,99,Totale,2023,21872,e,Dato stimato
A,Annuale,IT,Italia,JAN,Popolazione al 1º gennaio,9,Totale,TOTAL,Totale,99,Totale,2023,58850717,e,Dato stimato
